tag,content
p,Student Login
a,Forgot eMail Id?
a,Forgot password?
a,How to Create Student Account
a,Create an New Student Account
a,Faculty Login here
button,Sign In
label,Enter Reg.No.
label,Enter Password
body,"×
 I Year students are informed to submit their profiles. No need Registration required, direct Login to Reg. No. & password. After Login change your password.

Student Login

Enter Reg.No.
Forgot eMail Id?
Enter Password
Forgot password?
Clear
Sign In


How to Create Student Account
Create an New Student Account
Faculty Login here
for any issues contact : Examination Section"
title,Login - Smart Campus
